"","Month","Title","Employed"
"1",1939 Jan,"Total Private",25338
"2",1939 Feb,"Total Private",25447
"3",1939 Mar,"Total Private",25833
"4",1939 Apr,"Total Private",25801
"5",1939 May,"Total Private",26113
"6",1939 Jun,"Total Private",26485
"7",1939 Jul,"Total Private",26481
"8",1939 Aug,"Total Private",26848
"9",1939 Sep,"Total Private",27468
"10",1939 Oct,"Total Private",27830
"11",1939 Nov,"Total Private",27740
"12",1939 Dec,"Total Private",27886
"13",1940 Jan,"Total Private",26847
"14",1940 Feb,"Total Private",26902
"15",1940 Mar,"Total Private",27205
"16",1940 Apr,"Total Private",27255
"17",1940 May,"Total Private",27535
"18",1940 Jun,"Total Private",27765
"19",1940 Jul,"Total Private",27789
"20",1940 Aug,"Total Private",28332
"21",1940 Sep,"Total Private",29007
"22",1940 Oct,"Total Private",29399
"23",1940 Nov,"Total Private",29619
"24",1940 Dec,"Total Private",30221
"25",1941 Jan,"Total Private",29402
"26",1941 Feb,"Total Private",29671
"27",1941 Mar,"Total Private",30079
"28",1941 Apr,"Total Private",30610
"29",1941 May,"Total Private",31379
"30",1941 Jun,"Total Private",31999
"31",1941 Jul,"Total Private",32545
"32",1941 Aug,"Total Private",33014
"33",1941 Sep,"Total Private",33417
"34",1941 Oct,"Total Private",33457
"35",1941 Nov,"Total Private",33367
"36",1941 Dec,"Total Private",33552
"37",1942 Jan,"Total Private",32660
"38",1942 Feb,"Total Private",32739
"39",1942 Mar,"Total Private",33240
"40",1942 Apr,"Total Private",33764
"41",1942 May,"Total Private",34203
"42",1942 Jun,"Total Private",34624
"43",1942 Jul,"Total Private",35065
"44",1942 Aug,"Total Private",35460
"45",1942 Sep,"Total Private",35771
"46",1942 Oct,"Total Private",35852
"47",1942 Nov,"Total Private",35867
"48",1942 Dec,"Total Private",36209
"49",1943 Jan,"Total Private",35494
"50",1943 Feb,"Total Private",35627
"51",1943 Mar,"Total Private",35955
"52",1943 Apr,"Total Private",36212
"53",1943 May,"Total Private",36202
"54",1943 Jun,"Total Private",36608
"55",1943 Jul,"Total Private",36637
"56",1943 Aug,"Total Private",36628
"57",1943 Sep,"Total Private",36584
"58",1943 Oct,"Total Private",36658
"59",1943 Nov,"Total Private",36810
"60",1943 Dec,"Total Private",36815
"61",1944 Jan,"Total Private",36018
"62",1944 Feb,"Total Private",35973
"63",1944 Mar,"Total Private",35948
"64",1944 Apr,"Total Private",35833
"65",1944 May,"Total Private",35768
"66",1944 Jun,"Total Private",35949
"67",1944 Jul,"Total Private",35861
"68",1944 Aug,"Total Private",35828
"69",1944 Sep,"Total Private",35652
"70",1944 Oct,"Total Private",35555
"71",1944 Nov,"Total Private",35597
"72",1944 Dec,"Total Private",35850
"73",1945 Jan,"Total Private",35229
"74",1945 Feb,"Total Private",35290
"75",1945 Mar,"Total Private",35411
"76",1945 Apr,"Total Private",35161
"77",1945 May,"Total Private",35024
"78",1945 Jun,"Total Private",35065
"79",1945 Jul,"Total Private",34769
"80",1945 Aug,"Total Private",34490
"81",1945 Sep,"Total Private",32760
"82",1945 Oct,"Total Private",32833
"83",1945 Nov,"Total Private",33354
"84",1945 Dec,"Total Private",33755
"85",1946 Jan,"Total Private",33656
"86",1946 Feb,"Total Private",33092
"87",1946 Mar,"Total Private",34240
"88",1946 Apr,"Total Private",34997
"89",1946 May,"Total Private",35409
"90",1946 Jun,"Total Private",36074
"91",1946 Jul,"Total Private",36474
"92",1946 Aug,"Total Private",37139
"93",1946 Sep,"Total Private",37532
"94",1946 Oct,"Total Private",37637
"95",1946 Nov,"Total Private",38045
"96",1946 Dec,"Total Private",38351
"97",1947 Jan,"Total Private",37510
"98",1947 Feb,"Total Private",37495
"99",1947 Mar,"Total Private",37720
"100",1947 Apr,"Total Private",37686
"101",1947 May,"Total Private",37772
"102",1947 Jun,"Total Private",38249
"103",1947 Jul,"Total Private",38186
"104",1947 Aug,"Total Private",38660
"105",1947 Sep,"Total Private",39077
"106",1947 Oct,"Total Private",39197
"107",1947 Nov,"Total Private",39283
"108",1947 Dec,"Total Private",39708
"109",1948 Jan,"Total Private",38617
"110",1948 Feb,"Total Private",38344
"111",1948 Mar,"Total Private",38624
"112",1948 Apr,"Total Private",38368
"113",1948 May,"Total Private",38728
"114",1948 Jun,"Total Private",39240
"115",1948 Jul,"Total Private",39355
"116",1948 Aug,"Total Private",39674
"117",1948 Sep,"Total Private",40012
"118",1948 Oct,"Total Private",39881
"119",1948 Nov,"Total Private",39763
"120",1948 Dec,"Total Private",39946
"121",1949 Jan,"Total Private",38282
"122",1949 Feb,"Total Private",37932
"123",1949 Mar,"Total Private",37785
"124",1949 Apr,"Total Private",37857
"125",1949 May,"Total Private",37625
"126",1949 Jun,"Total Private",37747
"127",1949 Jul,"Total Private",37558
"128",1949 Aug,"Total Private",37984
"129",1949 Sep,"Total Private",38365
"130",1949 Oct,"Total Private",37487
"131",1949 Nov,"Total Private",37729
"132",1949 Dec,"Total Private",38370
"133",1950 Jan,"Total Private",37056
"134",1950 Feb,"Total Private",36649
"135",1950 Mar,"Total Private",37281
"136",1950 Apr,"Total Private",37842
"137",1950 May,"Total Private",38299
"138",1950 Jun,"Total Private",39063
"139",1950 Jul,"Total Private",39369
"140",1950 Aug,"Total Private",40384
"141",1950 Sep,"Total Private",40805
"142",1950 Oct,"Total Private",40989
"143",1950 Nov,"Total Private",40948
"144",1950 Dec,"Total Private",41316
"145",1951 Jan,"Total Private",40337
"146",1951 Feb,"Total Private",40449
"147",1951 Mar,"Total Private",40851
"148",1951 Apr,"Total Private",40988
"149",1951 May,"Total Private",41186
"150",1951 Jun,"Total Private",41606
"151",1951 Jul,"Total Private",41546
"152",1951 Aug,"Total Private",41874
"153",1951 Sep,"Total Private",41975
"154",1951 Oct,"Total Private",41958
"155",1951 Nov,"Total Private",41970
"156",1951 Dec,"Total Private",42389
"157",1952 Jan,"Total Private",41064
"158",1952 Feb,"Total Private",41109
"159",1952 Mar,"Total Private",41222
"160",1952 Apr,"Total Private",41557
"161",1952 May,"Total Private",41614
"162",1952 Jun,"Total Private",41637
"163",1952 Jul,"Total Private",41441
"164",1952 Aug,"Total Private",42574
"165",1952 Sep,"Total Private",43146
"166",1952 Oct,"Total Private",43312
"167",1952 Nov,"Total Private",43495
"168",1952 Dec,"Total Private",44008
"169",1953 Jan,"Total Private",42667
"170",1953 Feb,"Total Private",42736
"171",1953 Mar,"Total Private",43054
"172",1953 Apr,"Total Private",43266
"173",1953 May,"Total Private",43457
"174",1953 Jun,"Total Private",43877
"175",1953 Jul,"Total Private",43873
"176",1953 Aug,"Total Private",44098
"177",1953 Sep,"Total Private",44168
"178",1953 Oct,"Total Private",44008
"179",1953 Nov,"Total Private",43664
"180",1953 Dec,"Total Private",43757
"181",1954 Jan,"Total Private",42002
"182",1954 Feb,"Total Private",41752
"183",1954 Mar,"Total Private",41691
"184",1954 Apr,"Total Private",41956
"185",1954 May,"Total Private",41837
"186",1954 Jun,"Total Private",42177
"187",1954 Jul,"Total Private",42047
"188",1954 Aug,"Total Private",42305
"189",1954 Sep,"Total Private",42540
"190",1954 Oct,"Total Private",42581
"191",1954 Nov,"Total Private",42742
"192",1954 Dec,"Total Private",43187
"193",1955 Jan,"Total Private",41824
"194",1955 Feb,"Total Private",41829
"195",1955 Mar,"Total Private",42304
"196",1955 Apr,"Total Private",42835
"197",1955 May,"Total Private",43231
"198",1955 Jun,"Total Private",43939
"199",1955 Jul,"Total Private",44039
"200",1955 Aug,"Total Private",44476
"201",1955 Sep,"Total Private",44758
"202",1955 Oct,"Total Private",44873
"203",1955 Nov,"Total Private",45054
"204",1955 Dec,"Total Private",45507
"205",1956 Jan,"Total Private",44092
"206",1956 Feb,"Total Private",44030
"207",1956 Mar,"Total Private",44250
"208",1956 Apr,"Total Private",44590
"209",1956 May,"Total Private",44845
"210",1956 Jun,"Total Private",45414
"211",1956 Jul,"Total Private",44671
"212",1956 Aug,"Total Private",45596
"213",1956 Sep,"Total Private",45715
"214",1956 Oct,"Total Private",45855
"215",1956 Nov,"Total Private",45820
"216",1956 Dec,"Total Private",46169
"217",1957 Jan,"Total Private",44554
"218",1957 Feb,"Total Private",44483
"219",1957 Mar,"Total Private",44632
"220",1957 Apr,"Total Private",44976
"221",1957 May,"Total Private",45152
"222",1957 Jun,"Total Private",45600
"223",1957 Jul,"Total Private",45528
"224",1957 Aug,"Total Private",45830
"225",1957 Sep,"Total Private",45817
"226",1957 Oct,"Total Private",45605
"227",1957 Nov,"Total Private",45323
"228",1957 Dec,"Total Private",45320
"229",1958 Jan,"Total Private",43532
"230",1958 Feb,"Total Private",42732
"231",1958 Mar,"Total Private",42534
"232",1958 Apr,"Total Private",42568
"233",1958 May,"Total Private",42779
"234",1958 Jun,"Total Private",43277
"235",1958 Jul,"Total Private",43291
"236",1958 Aug,"Total Private",43736
"237",1958 Sep,"Total Private",44152
"238",1958 Oct,"Total Private",44060
"239",1958 Nov,"Total Private",44408
"240",1958 Dec,"Total Private",44689
"241",1959 Jan,"Total Private",43613
"242",1959 Feb,"Total Private",43497
"243",1959 Mar,"Total Private",43919
"244",1959 Apr,"Total Private",44591
"245",1959 May,"Total Private",45202
"246",1959 Jun,"Total Private",45903
"247",1959 Jul,"Total Private",45927
"248",1959 Aug,"Total Private",45746
"249",1959 Sep,"Total Private",45868
"250",1959 Oct,"Total Private",45674
"251",1959 Nov,"Total Private",45800
"252",1959 Dec,"Total Private",46441
"253",1960 Jan,"Total Private",45135
"254",1960 Feb,"Total Private",45060
"255",1960 Mar,"Total Private",44932
"256",1960 Apr,"Total Private",45711
"257",1960 May,"Total Private",45889
"258",1960 Jun,"Total Private",46344
"259",1960 Jul,"Total Private",46241
"260",1960 Aug,"Total Private",46446
"261",1960 Sep,"Total Private",46435
"262",1960 Oct,"Total Private",46214
"263",1960 Nov,"Total Private",45870
"264",1960 Dec,"Total Private",45702
"265",1961 Jan,"Total Private",44208
"266",1961 Feb,"Total Private",43785
"267",1961 Mar,"Total Private",44037
"268",1961 Apr,"Total Private",44464
"269",1961 May,"Total Private",44994
"270",1961 Jun,"Total Private",45771
"271",1961 Jul,"Total Private",45846
"272",1961 Aug,"Total Private",46221
"273",1961 Sep,"Total Private",46304
"274",1961 Oct,"Total Private",46283
"275",1961 Nov,"Total Private",46333
"276",1961 Dec,"Total Private",46542
"277",1962 Jan,"Total Private",45060
"278",1962 Feb,"Total Private",45096
"279",1962 Mar,"Total Private",45345
"280",1962 Apr,"Total Private",46172
"281",1962 May,"Total Private",46566
"282",1962 Jun,"Total Private",47155
"283",1962 Jul,"Total Private",47211
"284",1962 Aug,"Total Private",47470
"285",1962 Sep,"Total Private",47613
"286",1962 Oct,"Total Private",47498
"287",1962 Nov,"Total Private",47288
"288",1962 Dec,"Total Private",47380
"289",1963 Jan,"Total Private",45889
"290",1963 Feb,"Total Private",45769
"291",1963 Mar,"Total Private",46048
"292",1963 Apr,"Total Private",46832
"293",1963 May,"Total Private",47241
"294",1963 Jun,"Total Private",47892
"295",1963 Jul,"Total Private",47986
"296",1963 Aug,"Total Private",48228
"297",1963 Sep,"Total Private",48364
"298",1963 Oct,"Total Private",48348
"299",1963 Nov,"Total Private",48121
"300",1963 Dec,"Total Private",48355
"301",1964 Jan,"Total Private",46879
"302",1964 Feb,"Total Private",46959
"303",1964 Mar,"Total Private",47275
"304",1964 Apr,"Total Private",47812
"305",1964 May,"Total Private",48326
"306",1964 Jun,"Total Private",49110
"307",1964 Jul,"Total Private",49275
"308",1964 Aug,"Total Private",49558
"309",1964 Sep,"Total Private",49778
"310",1964 Oct,"Total Private",49459
"311",1964 Nov,"Total Private",49673
"312",1964 Dec,"Total Private",50056
"313",1965 Jan,"Total Private",48603
"314",1965 Feb,"Total Private",48632
"315",1965 Mar,"Total Private",49014
"316",1965 Apr,"Total Private",49753
"317",1965 May,"Total Private",50284
"318",1965 Jun,"Total Private",51146
"319",1965 Jul,"Total Private",51301
"320",1965 Aug,"Total Private",51604
"321",1965 Sep,"Total Private",51761
"322",1965 Oct,"Total Private",51796
"323",1965 Nov,"Total Private",51901
"324",1965 Dec,"Total Private",52405
"325",1966 Jan,"Total Private",50964
"326",1966 Feb,"Total Private",51015
"327",1966 Mar,"Total Private",51550
"328",1966 Apr,"Total Private",52234
"329",1966 May,"Total Private",52747
"330",1966 Jun,"Total Private",53811
"331",1966 Jul,"Total Private",53847
"332",1966 Aug,"Total Private",54122
"333",1966 Sep,"Total Private",54142
"334",1966 Oct,"Total Private",54147
"335",1966 Nov,"Total Private",54177
"336",1966 Dec,"Total Private",54562
"337",1967 Jan,"Total Private",53092
"338",1967 Feb,"Total Private",52928
"339",1967 Mar,"Total Private",53218
"340",1967 Apr,"Total Private",53596
"341",1967 May,"Total Private",53975
"342",1967 Jun,"Total Private",54826
"343",1967 Jul,"Total Private",54835
"344",1967 Aug,"Total Private",55148
"345",1967 Sep,"Total Private",55078
"346",1967 Oct,"Total Private",54983
"347",1967 Nov,"Total Private",55391
"348",1967 Dec,"Total Private",55804
"349",1968 Jan,"Total Private",54017
"350",1968 Feb,"Total Private",54266
"351",1968 Mar,"Total Private",54565
"352",1968 Apr,"Total Private",55252
"353",1968 May,"Total Private",55563
"354",1968 Jun,"Total Private",56531
"355",1968 Jul,"Total Private",56569
"356",1968 Aug,"Total Private",56864
"357",1968 Sep,"Total Private",56939
"358",1968 Oct,"Total Private",57025
"359",1968 Nov,"Total Private",57277
"360",1968 Dec,"Total Private",57735
"361",1969 Jan,"Total Private",56234
"362",1969 Feb,"Total Private",56349
"363",1969 Mar,"Total Private",56813
"364",1969 Apr,"Total Private",57409
"365",1969 May,"Total Private",57866
"366",1969 Jun,"Total Private",58903
"367",1969 Jul,"Total Private",58821
"368",1969 Aug,"Total Private",59195
"369",1969 Sep,"Total Private",59059
"370",1969 Oct,"Total Private",59106
"371",1969 Nov,"Total Private",59049
"372",1969 Dec,"Total Private",59372
"373",1970 Jan,"Total Private",57675
"374",1970 Feb,"Total Private",57653
"375",1970 Mar,"Total Private",57995
"376",1970 Apr,"Total Private",58239
"377",1970 May,"Total Private",58299
"378",1970 Jun,"Total Private",58998
"379",1970 Jul,"Total Private",58752
"380",1970 Aug,"Total Private",58770
"381",1970 Sep,"Total Private",58739
"382",1970 Oct,"Total Private",58160
"383",1970 Nov,"Total Private",58006
"384",1970 Dec,"Total Private",58532
"385",1971 Jan,"Total Private",56979
"386",1971 Feb,"Total Private",56791
"387",1971 Mar,"Total Private",57094
"388",1971 Apr,"Total Private",57673
"389",1971 May,"Total Private",58147
"390",1971 Jun,"Total Private",58894
"391",1971 Jul,"Total Private",58664
"392",1971 Aug,"Total Private",58868
"393",1971 Sep,"Total Private",59100
"394",1971 Oct,"Total Private",58995
"395",1971 Nov,"Total Private",59173
"396",1971 Dec,"Total Private",59499
"397",1972 Jan,"Total Private",58149
"398",1972 Feb,"Total Private",58180
"399",1972 Mar,"Total Private",58710
"400",1972 Apr,"Total Private",59343
"401",1972 May,"Total Private",59927
"402",1972 Jun,"Total Private",60998
"403",1972 Jul,"Total Private",60540
"404",1972 Aug,"Total Private",61172
"405",1972 Sep,"Total Private",61288
"406",1972 Oct,"Total Private",61611
"407",1972 Nov,"Total Private",61887
"408",1972 Dec,"Total Private",62194
"409",1973 Jan,"Total Private",60862
"410",1973 Feb,"Total Private",61078
"411",1973 Mar,"Total Private",61560
"412",1973 Apr,"Total Private",62146
"413",1973 May,"Total Private",62699
"414",1973 Jun,"Total Private",63650
"415",1973 Jul,"Total Private",63378
"416",1973 Aug,"Total Private",63870
"417",1973 Sep,"Total Private",64050
"418",1973 Oct,"Total Private",64253
"419",1973 Nov,"Total Private",64484
"420",1973 Dec,"Total Private",64564
"421",1974 Jan,"Total Private",62905
"422",1974 Feb,"Total Private",62822
"423",1974 Mar,"Total Private",63080
"424",1974 Apr,"Total Private",63623
"425",1974 May,"Total Private",64210
"426",1974 Jun,"Total Private",64989
"427",1974 Jul,"Total Private",64717
"428",1974 Aug,"Total Private",64952
"429",1974 Sep,"Total Private",64930
"430",1974 Oct,"Total Private",64814
"431",1974 Nov,"Total Private",64331
"432",1974 Dec,"Total Private",63653
"433",1975 Jan,"Total Private",61525
"434",1975 Feb,"Total Private",60809
"435",1975 Mar,"Total Private",60788
"436",1975 Apr,"Total Private",61114
"437",1975 May,"Total Private",61724
"438",1975 Jun,"Total Private",62369
"439",1975 Jul,"Total Private",62321
"440",1975 Aug,"Total Private",62971
"441",1975 Sep,"Total Private",63178
"442",1975 Oct,"Total Private",63293
"443",1975 Nov,"Total Private",63330
"444",1975 Dec,"Total Private",63575
"445",1976 Jan,"Total Private",62377
"446",1976 Feb,"Total Private",62420
"447",1976 Mar,"Total Private",62957
"448",1976 Apr,"Total Private",63817
"449",1976 May,"Total Private",64326
"450",1976 Jun,"Total Private",65076
"451",1976 Jul,"Total Private",64992
"452",1976 Aug,"Total Private",65375
"453",1976 Sep,"Total Private",65671
"454",1976 Oct,"Total Private",65474
"455",1976 Nov,"Total Private",65674
"456",1976 Dec,"Total Private",65857
"457",1977 Jan,"Total Private",64471
"458",1977 Feb,"Total Private",64495
"459",1977 Mar,"Total Private",65284
"460",1977 Apr,"Total Private",66219
"461",1977 May,"Total Private",66989
"462",1977 Jun,"Total Private",67988
"463",1977 Jul,"Total Private",67980
"464",1977 Aug,"Total Private",68381
"465",1977 Sep,"Total Private",68814
"466",1977 Oct,"Total Private",68871
"467",1977 Nov,"Total Private",69145
"468",1977 Dec,"Total Private",69375
"469",1978 Jan,"Total Private",67831
"470",1978 Feb,"Total Private",67866
"471",1978 Mar,"Total Private",68719
"472",1978 Apr,"Total Private",69970
"473",1978 May,"Total Private",70718
"474",1978 Jun,"Total Private",71809
"475",1978 Jul,"Total Private",71727
"476",1978 Aug,"Total Private",72187
"477",1978 Sep,"Total Private",72430
"478",1978 Oct,"Total Private",72609
"479",1978 Nov,"Total Private",72998
"480",1978 Dec,"Total Private",73309
"481",1979 Jan,"Total Private",71724
"482",1979 Feb,"Total Private",71731
"483",1979 Mar,"Total Private",72540
"484",1979 Apr,"Total Private",73047
"485",1979 May,"Total Private",73824
"486",1979 Jun,"Total Private",74746
"487",1979 Jul,"Total Private",74469
"488",1979 Aug,"Total Private",74652
"489",1979 Sep,"Total Private",74824
"490",1979 Oct,"Total Private",74874
"491",1979 Nov,"Total Private",74906
"492",1979 Dec,"Total Private",75046
"493",1980 Jan,"Total Private",73443
"494",1980 Feb,"Total Private",73310
"495",1980 Mar,"Total Private",73711
"496",1980 Apr,"Total Private",73858
"497",1980 May,"Total Private",73975
"498",1980 Jun,"Total Private",74299
"499",1980 Jul,"Total Private",73827
"500",1980 Aug,"Total Private",74297
"501",1980 Sep,"Total Private",74555
"502",1980 Oct,"Total Private",74662
"503",1980 Nov,"Total Private",74867
"504",1980 Dec,"Total Private",75091
"505",1981 Jan,"Total Private",73487
"506",1981 Feb,"Total Private",73393
"507",1981 Mar,"Total Private",73894
"508",1981 Apr,"Total Private",74585
"509",1981 May,"Total Private",75115
"510",1981 Jun,"Total Private",75977
"511",1981 Jul,"Total Private",75883
"512",1981 Aug,"Total Private",76124
"513",1981 Sep,"Total Private",76188
"514",1981 Oct,"Total Private",75892
"515",1981 Nov,"Total Private",75584
"516",1981 Dec,"Total Private",75277
"517",1982 Jan,"Total Private",73292
"518",1982 Feb,"Total Private",73154
"519",1982 Mar,"Total Private",73351
"520",1982 Apr,"Total Private",73675
"521",1982 May,"Total Private",74143
"522",1982 Jun,"Total Private",74518
"523",1982 Jul,"Total Private",74155
"524",1982 Aug,"Total Private",74153
"525",1982 Sep,"Total Private",74034
"526",1982 Oct,"Total Private",73527
"527",1982 Nov,"Total Private",73273
"528",1982 Dec,"Total Private",73198
"529",1983 Jan,"Total Private",71708
"530",1983 Feb,"Total Private",71477
"531",1983 Mar,"Total Private",72004
"532",1983 Apr,"Total Private",72895
"533",1983 May,"Total Private",73691
"534",1983 Jun,"Total Private",74713
"535",1983 Jul,"Total Private",75000
"536",1983 Aug,"Total Private",74874
"537",1983 Sep,"Total Private",75980
"538",1983 Oct,"Total Private",76107
"539",1983 Nov,"Total Private",76331
"540",1983 Dec,"Total Private",76627
"541",1984 Jan,"Total Private",75370
"542",1984 Feb,"Total Private",75652
"543",1984 Mar,"Total Private",76300
"544",1984 Apr,"Total Private",77238
"545",1984 May,"Total Private",78067
"546",1984 Jun,"Total Private",79088
"547",1984 Jul,"Total Private",79205
"548",1984 Aug,"Total Private",79583
"549",1984 Sep,"Total Private",79835
"550",1984 Oct,"Total Private",79923
"551",1984 Nov,"Total Private",80135
"552",1984 Dec,"Total Private",80270
"553",1985 Jan,"Total Private",78724
"554",1985 Feb,"Total Private",78642
"555",1985 Mar,"Total Private",79331
"556",1985 Apr,"Total Private",80138
"557",1985 May,"Total Private",80931
"558",1985 Jun,"Total Private",81705
"559",1985 Jul,"Total Private",81608
"560",1985 Aug,"Total Private",82011
"561",1985 Sep,"Total Private",82108
"562",1985 Oct,"Total Private",82144
"563",1985 Nov,"Total Private",82249
"564",1985 Dec,"Total Private",82404
"565",1986 Jan,"Total Private",80695
"566",1986 Feb,"Total Private",80562
"567",1986 Mar,"Total Private",81050
"568",1986 Apr,"Total Private",81891
"569",1986 May,"Total Private",82551
"570",1986 Jun,"Total Private",83127
"571",1986 Jul,"Total Private",83280
"572",1986 Aug,"Total Private",83596
"573",1986 Sep,"Total Private",83675
"574",1986 Oct,"Total Private",83706
"575",1986 Nov,"Total Private",83796
"576",1986 Dec,"Total Private",84007
"577",1987 Jan,"Total Private",82305
"578",1987 Feb,"Total Private",82353
"579",1987 Mar,"Total Private",82961
"580",1987 Apr,"Total Private",83930
"581",1987 May,"Total Private",84690
"582",1987 Jun,"Total Private",85549
"583",1987 Jul,"Total Private",85695
"584",1987 Aug,"Total Private",86087
"585",1987 Sep,"Total Private",86119
"586",1987 Oct,"Total Private",86403
"587",1987 Nov,"Total Private",86584
"588",1987 Dec,"Total Private",86846
"589",1988 Jan,"Total Private",85039
"590",1988 Feb,"Total Private",85291
"591",1988 Mar,"Total Private",85894
"592",1988 Apr,"Total Private",86798
"593",1988 May,"Total Private",87518
"594",1988 Jun,"Total Private",88617
"595",1988 Jul,"Total Private",88704
"596",1988 Aug,"Total Private",89004
"597",1988 Sep,"Total Private",88975
"598",1988 Oct,"Total Private",89119
"599",1988 Nov,"Total Private",89397
"600",1988 Dec,"Total Private",89703
"601",1989 Jan,"Total Private",88003
"602",1989 Feb,"Total Private",88081
"603",1989 Mar,"Total Private",88631
"604",1989 Apr,"Total Private",89427
"605",1989 May,"Total Private",90054
"606",1989 Jun,"Total Private",90939
"607",1989 Jul,"Total Private",90843
"608",1989 Aug,"Total Private",91042
"609",1989 Sep,"Total Private",90963
"610",1989 Oct,"Total Private",90958
"611",1989 Nov,"Total Private",91240
"612",1989 Dec,"Total Private",91302
"613",1990 Jan,"Total Private",89455
"614",1990 Feb,"Total Private",89598
"615",1990 Mar,"Total Private",90053
"616",1990 Apr,"Total Private",90634
"617",1990 May,"Total Private",91308
"618",1990 Jun,"Total Private",92209
"619",1990 Jul,"Total Private",92008
"620",1990 Aug,"Total Private",92152
"621",1990 Sep,"Total Private",91853
"622",1990 Oct,"Total Private",91544
"623",1990 Nov,"Total Private",91346
"624",1990 Dec,"Total Private",91189
"625",1991 Jan,"Total Private",88987
"626",1991 Feb,"Total Private",88617
"627",1991 Mar,"Total Private",88819
"628",1991 Apr,"Total Private",89229
"629",1991 May,"Total Private",89866
"630",1991 Jun,"Total Private",90616
"631",1991 Jul,"Total Private",90438
"632",1991 Aug,"Total Private",90720
"633",1991 Sep,"Total Private",90543
"634",1991 Oct,"Total Private",90364
"635",1991 Nov,"Total Private",90222
"636",1991 Dec,"Total Private",90152
"637",1992 Jan,"Total Private",88085
"638",1992 Feb,"Total Private",88011
"639",1992 Mar,"Total Private",88407
"640",1992 Apr,"Total Private",89240
"641",1992 May,"Total Private",90020
"642",1992 Jun,"Total Private",90808
"643",1992 Jul,"Total Private",90778
"644",1992 Aug,"Total Private",90965
"645",1992 Sep,"Total Private",90864
"646",1992 Oct,"Total Private",90949
"647",1992 Nov,"Total Private",90987
"648",1992 Dec,"Total Private",91071
"649",1993 Jan,"Total Private",89264
"650",1993 Feb,"Total Private",89523
"651",1993 Mar,"Total Private",89855
"652",1993 Apr,"Total Private",90852
"653",1993 May,"Total Private",91775
"654",1993 Jun,"Total Private",92655
"655",1993 Jul,"Total Private",92819
"656",1993 Aug,"Total Private",93108
"657",1993 Sep,"Total Private",93110
"658",1993 Oct,"Total Private",93277
"659",1993 Nov,"Total Private",93467
"660",1993 Dec,"Total Private",93651
"661",1994 Jan,"Total Private",91752
"662",1994 Feb,"Total Private",91988
"663",1994 Mar,"Total Private",92823
"664",1994 Apr,"Total Private",93891
"665",1994 May,"Total Private",94840
"666",1994 Jun,"Total Private",95938
"667",1994 Jul,"Total Private",96106
"668",1994 Aug,"Total Private",96531
"669",1994 Sep,"Total Private",96584
"670",1994 Oct,"Total Private",96700
"671",1994 Nov,"Total Private",97079
"672",1994 Dec,"Total Private",97252
"673",1995 Jan,"Total Private",95333
"674",1995 Feb,"Total Private",95615
"675",1995 Mar,"Total Private",96263
"676",1995 Apr,"Total Private",97097
"677",1995 May,"Total Private",97831
"678",1995 Jun,"Total Private",98845
"679",1995 Jul,"Total Private",98757
"680",1995 Aug,"Total Private",99150
"681",1995 Sep,"Total Private",99078
"682",1995 Oct,"Total Private",99145
"683",1995 Nov,"Total Private",99267
"684",1995 Dec,"Total Private",99316
"685",1996 Jan,"Total Private",97054
"686",1996 Feb,"Total Private",97585
"687",1996 Mar,"Total Private",98257
"688",1996 Apr,"Total Private",99120
"689",1996 May,"Total Private",100196
"690",1996 Jun,"Total Private",101214
"691",1996 Jul,"Total Private",101309
"692",1996 Aug,"Total Private",101695
"693",1996 Sep,"Total Private",101459
"694",1996 Oct,"Total Private",101683
"695",1996 Nov,"Total Private",101954
"696",1996 Dec,"Total Private",102038
"697",1997 Jan,"Total Private",99915
"698",1997 Feb,"Total Private",100401
"699",1997 Mar,"Total Private",101173
"700",1997 Apr,"Total Private",102161
"701",1997 May,"Total Private",103203
"702",1997 Jun,"Total Private",104156
"703",1997 Jul,"Total Private",104296
"704",1997 Aug,"Total Private",104475
"705",1997 Sep,"Total Private",104496
"706",1997 Oct,"Total Private",104828
"707",1997 Nov,"Total Private",105073
"708",1997 Dec,"Total Private",105267
"709",1998 Jan,"Total Private",103161
"710",1998 Feb,"Total Private",103549
"711",1998 Mar,"Total Private",104166
"712",1998 Apr,"Total Private",105208
"713",1998 May,"Total Private",106204
"714",1998 Jun,"Total Private",107205
"715",1998 Jul,"Total Private",107210
"716",1998 Aug,"Total Private",107533
"717",1998 Sep,"Total Private",107337
"718",1998 Oct,"Total Private",107589
"719",1998 Nov,"Total Private",107796
"720",1998 Dec,"Total Private",108012
"721",1999 Jan,"Total Private",105713
"722",1999 Feb,"Total Private",106267
"723",1999 Mar,"Total Private",106854
"724",1999 Apr,"Total Private",107956
"725",1999 May,"Total Private",108801
"726",1999 Jun,"Total Private",109840
"727",1999 Jul,"Total Private",110034
"728",1999 Aug,"Total Private",110162
"729",1999 Sep,"Total Private",109914
"730",1999 Oct,"Total Private",110303
"731",1999 Nov,"Total Private",110597
"732",1999 Dec,"Total Private",110751
"733",2000 Jan,"Total Private",108514
"734",2000 Feb,"Total Private",108786
"735",2000 Mar,"Total Private",109644
"736",2000 Apr,"Total Private",110571
"737",2000 May,"Total Private",111175
"738",2000 Jun,"Total Private",112314
"739",2000 Jul,"Total Private",112263
"740",2000 Aug,"Total Private",112377
"741",2000 Sep,"Total Private",112141
"742",2000 Oct,"Total Private",112213
"743",2000 Nov,"Total Private",112421
"744",2000 Dec,"Total Private",112395
"745",2001 Jan,"Total Private",109928
"746",2001 Feb,"Total Private",110140
"747",2001 Mar,"Total Private",110603
"748",2001 Apr,"Total Private",110962
"749",2001 May,"Total Private",111624
"750",2001 Jun,"Total Private",112303
"751",2001 Jul,"Total Private",111897
"752",2001 Aug,"Total Private",111827
"753",2001 Sep,"Total Private",111086
"754",2001 Oct,"Total Private",110771
"755",2001 Nov,"Total Private",110423
"756",2001 Dec,"Total Private",110065
"757",2002 Jan,"Total Private",107591
"758",2002 Feb,"Total Private",107651
"759",2002 Mar,"Total Private",108133
"760",2002 Apr,"Total Private",108712
"761",2002 May,"Total Private",109382
"762",2002 Jun,"Total Private",110169
"763",2002 Jul,"Total Private",109904
"764",2002 Aug,"Total Private",109960
"765",2002 Sep,"Total Private",109510
"766",2002 Oct,"Total Private",109668
"767",2002 Nov,"Total Private",109651
"768",2002 Dec,"Total Private",109302
"769",2003 Jan,"Total Private",107035
"770",2003 Feb,"Total Private",107069
"771",2003 Mar,"Total Private",107473
"772",2003 Apr,"Total Private",108148
"773",2003 May,"Total Private",108923
"774",2003 Jun,"Total Private",109652
"775",2003 Jul,"Total Private",109453
"776",2003 Aug,"Total Private",109551
"777",2003 Sep,"Total Private",109280
"778",2003 Oct,"Total Private",109530
"779",2003 Nov,"Total Private",109586
"780",2003 Dec,"Total Private",109471
"781",2004 Jan,"Total Private",107283
"782",2004 Feb,"Total Private",107491
"783",2004 Mar,"Total Private",108386
"784",2004 Apr,"Total Private",109485
"785",2004 May,"Total Private",110409
"786",2004 Jun,"Total Private",111299
"787",2004 Jul,"Total Private",111249
"788",2004 Aug,"Total Private",111249
"789",2004 Sep,"Total Private",110920
"790",2004 Oct,"Total Private",111375
"791",2004 Nov,"Total Private",111476
"792",2004 Dec,"Total Private",111368
"793",2005 Jan,"Total Private",109086
"794",2005 Feb,"Total Private",109487
"795",2005 Mar,"Total Private",110230
"796",2005 Apr,"Total Private",111429
"797",2005 May,"Total Private",112237
"798",2005 Jun,"Total Private",113352
"799",2005 Jul,"Total Private",113361
"800",2005 Aug,"Total Private",113579
"801",2005 Sep,"Total Private",113182
"802",2005 Oct,"Total Private",113434
"803",2005 Nov,"Total Private",113840
"804",2005 Dec,"Total Private",113748
"805",2006 Jan,"Total Private",111593
"806",2006 Feb,"Total Private",112051
"807",2006 Mar,"Total Private",112919
"808",2006 Apr,"Total Private",113825
"809",2006 May,"Total Private",114640
"810",2006 Jun,"Total Private",115574
"811",2006 Jul,"Total Private",115494
"812",2006 Aug,"Total Private",115652
"813",2006 Sep,"Total Private",115230
"814",2006 Oct,"Total Private",115425
"815",2006 Nov,"Total Private",115676
"816",2006 Dec,"Total Private",115670
"817",2007 Jan,"Total Private",113360
"818",2007 Feb,"Total Private",113581
"819",2007 Mar,"Total Private",114373
"820",2007 Apr,"Total Private",115162
"821",2007 May,"Total Private",116088
"822",2007 Jun,"Total Private",116999
"823",2007 Jul,"Total Private",116815
"824",2007 Aug,"Total Private",116813
"825",2007 Sep,"Total Private",116369
"826",2007 Oct,"Total Private",116541
"827",2007 Nov,"Total Private",116711
"828",2007 Dec,"Total Private",116559
"829",2008 Jan,"Total Private",114018
"830",2008 Feb,"Total Private",114051
"831",2008 Mar,"Total Private",114538
"832",2008 Apr,"Total Private",115065
"833",2008 May,"Total Private",115607
"834",2008 Jun,"Total Private",116185
"835",2008 Jul,"Total Private",115857
"836",2008 Aug,"Total Private",115658
"837",2008 Sep,"Total Private",114775
"838",2008 Oct,"Total Private",114505
"839",2008 Nov,"Total Private",113710
"840",2008 Dec,"Total Private",112815
"841",2009 Jan,"Total Private",109571
"842",2009 Feb,"Total Private",108938
"843",2009 Mar,"Total Private",108715
"844",2009 Apr,"Total Private",108765
"845",2009 May,"Total Private",109107
"846",2009 Jun,"Total Private",109386
"847",2009 Jul,"Total Private",109073
"848",2009 Aug,"Total Private",108882
"849",2009 Sep,"Total Private",108298
"850",2009 Oct,"Total Private",108283
"851",2009 Nov,"Total Private",108229
"852",2009 Dec,"Total Private",107850
"853",2010 Jan,"Total Private",105444
"854",2010 Feb,"Total Private",105490
"855",2010 Mar,"Total Private",106176
"856",2010 Apr,"Total Private",107220
"857",2010 May,"Total Private",107931
"858",2010 Jun,"Total Private",108710
"859",2010 Jul,"Total Private",108784
"860",2010 Aug,"Total Private",108936
"861",2010 Sep,"Total Private",108568
"862",2010 Oct,"Total Private",108984
"863",2010 Nov,"Total Private",109180
"864",2010 Dec,"Total Private",109034
"865",2011 Jan,"Total Private",106650
"866",2011 Feb,"Total Private",107087
"867",2011 Mar,"Total Private",107904
"868",2011 Apr,"Total Private",109098
"869",2011 May,"Total Private",109874
"870",2011 Jun,"Total Private",110795
"871",2011 Jul,"Total Private",110848
"872",2011 Aug,"Total Private",111022
"873",2011 Sep,"Total Private",110788
"874",2011 Oct,"Total Private",111199
"875",2011 Nov,"Total Private",111452
"876",2011 Dec,"Total Private",111428
"877",2012 Jan,"Total Private",109303
"878",2012 Feb,"Total Private",109796
"879",2012 Mar,"Total Private",110623
"880",2012 Apr,"Total Private",111505
"881",2012 May,"Total Private",112367
"882",2012 Jun,"Total Private",113155
"883",2012 Jul,"Total Private",113171
"884",2012 Aug,"Total Private",113345
"885",2012 Sep,"Total Private",113004
"886",2012 Oct,"Total Private",113391
"887",2012 Nov,"Total Private",113681
"888",2012 Dec,"Total Private",113719
"889",2013 Jan,"Total Private",111349
"890",2013 Feb,"Total Private",111903
"891",2013 Mar,"Total Private",112645
"892",2013 Apr,"Total Private",113633
"893",2013 May,"Total Private",114574
"894",2013 Jun,"Total Private",115441
"895",2013 Jul,"Total Private",115528
"896",2013 Aug,"Total Private",115735
"897",2013 Sep,"Total Private",115368
"898",2013 Oct,"Total Private",115826
"899",2013 Nov,"Total Private",116229
"900",2013 Dec,"Total Private",116113
"901",2014 Jan,"Total Private",113809
"902",2014 Feb,"Total Private",114119
"903",2014 Mar,"Total Private",114962
"904",2014 Apr,"Total Private",116051
"905",2014 May,"Total Private",117010
"906",2014 Jun,"Total Private",117987
"907",2014 Jul,"Total Private",118155
"908",2014 Aug,"Total Private",118331
"909",2014 Sep,"Total Private",118002
"910",2014 Oct,"Total Private",118559
"911",2014 Nov,"Total Private",118910
"912",2014 Dec,"Total Private",119019
"913",2015 Jan,"Total Private",116688
"914",2015 Feb,"Total Private",117084
"915",2015 Mar,"Total Private",117751
"916",2015 Apr,"Total Private",118874
"917",2015 May,"Total Private",119859
"918",2015 Jun,"Total Private",120751
"919",2015 Jul,"Total Private",120963
"920",2015 Aug,"Total Private",120966
"921",2015 Sep,"Total Private",120524
"922",2015 Oct,"Total Private",121199
"923",2015 Nov,"Total Private",121509
"924",2015 Dec,"Total Private",121603
"925",2016 Jan,"Total Private",119108
"926",2016 Feb,"Total Private",119506
"927",2016 Mar,"Total Private",120262
"928",2016 Apr,"Total Private",121330
"929",2016 May,"Total Private",122017
"930",2016 Jun,"Total Private",123116
"931",2016 Jul,"Total Private",123248
"932",2016 Aug,"Total Private",123299
"933",2016 Sep,"Total Private",122929
"934",2016 Oct,"Total Private",123391
"935",2016 Nov,"Total Private",123702
"936",2016 Dec,"Total Private",123631
"937",2017 Jan,"Total Private",121222
"938",2017 Feb,"Total Private",121798
"939",2017 Mar,"Total Private",122385
"940",2017 Apr,"Total Private",123382
"941",2017 May,"Total Private",124276
"942",2017 Jun,"Total Private",125324
"943",2017 Jul,"Total Private",125404
"944",2017 Aug,"Total Private",125488
"945",2017 Sep,"Total Private",124869
"946",2017 Oct,"Total Private",125461
"947",2017 Nov,"Total Private",125902
"948",2017 Dec,"Total Private",125785
"949",2018 Jan,"Total Private",123203
"950",2018 Feb,"Total Private",123968
"951",2018 Mar,"Total Private",124601
"952",2018 Apr,"Total Private",125581
"953",2018 May,"Total Private",126610
"954",2018 Jun,"Total Private",127701
"955",2018 Jul,"Total Private",127775
"956",2018 Aug,"Total Private",127949
"957",2018 Sep,"Total Private",127333
"958",2018 Oct,"Total Private",128001
"959",2018 Nov,"Total Private",128415
"960",2018 Dec,"Total Private",128363
"961",2019 Jan,"Total Private",125932
"962",2019 Feb,"Total Private",126370
"963",2019 Mar,"Total Private",126994
"964",2019 Apr,"Total Private",128007
"965",2019 May,"Total Private",128771
"966",2019 Jun,"Total Private",129800
"967",2019 Jul,"Total Private",129883
"968",2019 Aug,"Total Private",129930
"969",2019 Sep,"Total Private",129312
